Emp ID,First Name,Last Name,DOB,SNN,State
1,Andrea,Anderson,11/12/1984,xxx-xx-5650,CT
10,Anthony,Nguyen,10/09/1986,xxx-xx-8472,WI
100,Yvette,Rodriguez,09/11/1985,xxx-xx-8123,OR
101,Brooke,Jones,04/09/1979,xxx-xx-2606,TN
102,Joseph,Adams,01/18/1979,xxx-xx-7778,WI
103,Melinda,Parsons,02/07/1986,xxx-xx-8751,NE
104,Antonio,Perez,02/09/1980,xxx-xx-4115,NC
105,Mark,Green,06/14/1977,xxx-xx-6893,AZ
106,Mark,Smith,07/07/1979,xxx-xx-5381,ND
107,Shirley,Andrews,12/07/1981,xxx-xx-5306,OH
108,Paul,Adams,04/19/1992,xxx-xx-5765,WV
109,Matthew,Kramer,05/14/1988,xxx-xx-4860,RI
11,Daniel,Wells,08/27/1994,xxx-xx-7268,CA
110,Cynthia,Price,10/15/1991,xxx-xx-6184,SD
111,Paul,Rogers,01/10/1992,xxx-xx-6284,MT
112,Rachael,Holmes,07/30/1973,xxx-xx-2067,GA
113,Patricia,Cruz,04/22/1976,xxx-xx-3822,IN
114,Maria,Chapman,12/20/1973,xxx-xx-7300,OK
115,Patrick,Taylor,07/29/1991,xxx-xx-5595,MO
116,Rebecca,Wilson,06/08/1980,xxx-xx-6629,MI
117,Jonathan,Mendoza,12/30/1989,xxx-xx-0262,MD
118,Kathy,Preston,03/06/1990,xxx-xx-9960,LA
119,Chad,Wise,11/10/1988,xxx-xx-1355,CO
12,Dakota,Harrington,08/24/1972,xxx-xx-7188,VA
120,Amanda,Dodson,03/04/1973,xxx-xx-6056,KS
121,Jonathon,Brock,04/30/1980,xxx-xx-9917,CO
122,Mary,Hernandez,01/29/1990,xxx-xx-5268,NY
123,Amy,Sherman,08/04/1973,xxx-xx-6029,NJ
124,Ralph,Martinez,02/26/1980,xxx-xx-4024,WA
125,Charles,Hall,09/15/1982,xxx-xx-7617,PA
126,Gary,Knight,03/08/1994,xxx-xx-1242,AR
127,Michael,Donaldson,01/01/1995,xxx-xx-7624,CA
128,Peter,Miles,10/26/1976,xxx-xx-3367,WA
129,Deanna,Terrell,02/05/1990,xxx-xx-5743,OK
13,Brandon,Farmer,08/10/1980,xxx-xx-2601,TX
130,Joshua,Riley,11/08/1983,xxx-xx-4874,IN
131,David,Mcclain,08/02/1976,xxx-xx-5430,OH
132,Jeremy,Cross,11/22/1987,xxx-xx-4632,HI
133,Thomas,Stone,03/29/1973,xxx-xx-8227,DE
134,Derek,Harrington,09/15/1990,xxx-xx-2836,AR
135,Stephen,Hensley,09/30/1978,xxx-xx-5372,GA
136,Morgan,Dunn,07/13/1980,xxx-xx-1601,AZ
137,Daniel,Garcia,04/21/1979,xxx-xx-3001,WI
138,Ashley,Bullock,07/23/1983,xxx-xx-5394,MS
14,Joseph,Fernandez,06/01/1978,xxx-xx-4971,IL
140,Amanda,Franco,09/24/1994,xxx-xx-5413,AK
141,Christina,Arnold,10/20/1979,xxx-xx-2313,NY
142,Kimberly,Shaw,06/11/1973,xxx-xx-7577,MA
143,Alexander,Murphy,05/05/1984,xxx-xx-0664,UT
144,Julie,Nelson,08/08/1994,xxx-xx-1332,SD
145,Lori,Odonnell,10/22/1989,xxx-xx-2415,KS
146,Julie,Castillo,02/16/1988,xxx-xx-4523,AK
147,William,Rivera,03/08/1975,xxx-xx-7032,SD
148,Sydney,Floyd,03/31/1981,xxx-xx-0722,CT
149,April,Barnes,02/15/1983,xxx-xx-3288,RI
15,Michelle,Huang,04/09/1983,xxx-xx-8363,UT
150,David,Pearson,06/14/1982,xxx-xx-1781,AL
151,Robert,Smith,01/12/1987,xxx-xx-2300,ID
152,Mary,Baker,07/08/1979,xxx-xx-0954,MI
153,Lori,Tate,03/08/1977,xxx-xx-9123,NM
154,Robin,Silva,07/14/1987,xxx-xx-0453,AK
155,Matthew,Kane,11/17/1990,xxx-xx-9385,PA
156,Shannon,Vaughn,12/27/1992,xxx-xx-2444,AR
157,Joseph,Carroll,05/09/1975,xxx-xx-5984,ND
158,Amy,Ford,06/05/1974,xxx-xx-6461,NC
159,Beverly,Jordan,08/15/1986,xxx-xx-3762,NM
16,Bradley,Guzman,05/08/1980,xxx-xx-2817,WY
160,Beth,Lynch,02/13/1984,xxx-xx-0814,AK
161,John,Cox,12/11/1985,xxx-xx-7739,OH
162,Todd,Duran,01/14/1976,xxx-xx-1832,KY
163,Theresa,Fletcher,10/22/1992,xxx-xx-0535,VA
164,Katherine,Hensley,05/29/1991,xxx-xx-7226,CT
165,Thomas,Wood,08/21/1979,xxx-xx-8269,TN
166,Adrian,Rivera,02/13/1973,xxx-xx-5638,MA
167,John,Beck,07/27/1985,xxx-xx-3635,AR
168,Donna,Rose,04/20/1989,xxx-xx-1960,TN
169,Ashley,Smith,07/16/1983,xxx-xx-8720,TX
17,Crystal,Myers,12/31/1980,xxx-xx-6532,OH
170,Jennifer,Crawford,07/21/1986,xxx-xx-5861,FL
171,Mark,Mcdonald,06/27/1984,xxx-xx-0101,MT
172,Denise,Castillo,10/10/1983,xxx-xx-0042,LA
173,Alisha,Pacheco,01/13/1982,xxx-xx-2496,MI
174,Jennifer,Jensen,03/09/1991,xxx-xx-4293,GA
175,Jennifer,Arnold,10/18/1976,xxx-xx-4368,AL
176,Hailey,Lynn,03/25/1973,xxx-xx-9488,CA
177,Diana,Spence,09/20/1983,xxx-xx-4751,MA
178,Shaun,Martinez,12/11/1982,xxx-xx-5793,NC
179,William,Boyle,01/30/1988,xxx-xx-0490,AR
18,Donna,Lopez,02/22/1985,xxx-xx-5711,DE
180,Donna,Howard,12/16/1978,xxx-xx-3416,CA
181,Martha,Gonzalez,01/17/1981,xxx-xx-8342,KS
182,Mary,Lee,04/12/1982,xxx-xx-7361,OH
183,Edward,Thompson,08/31/1994,xxx-xx-8605,OH
184,Jeremy,Warner,10/20/1987,xxx-xx-1184,AL
185,Angela,Armstrong,03/22/1990,xxx-xx-2446,NY
186,Kelly,Ferrell,01/21/1982,xxx-xx-2299,NH
187,Katherine,Rogers,05/13/1988,xxx-xx-9500,ME
188,Joseph,Estrada,03/29/1984,xxx-xx-2571,PA
189,Heather,Andrews,08/11/1976,xxx-xx-1797,VT
19,Rebecca,Hammond,02/21/1972,xxx-xx-2706,LA
190,Diana,Smith,12/02/1973,xxx-xx-3506,IL
191,Kimberly,Gallegos,08/05/1972,xxx-xx-7563,OR
192,Daniel,Singh,12/25/1980,xxx-xx-7521,VA
193,Rhonda,Gonzales,06/07/1976,xxx-xx-4110,ID
194,Stephanie,Ho,04/25/1983,xxx-xx-3656,KS
195,Ann,Romero,10/27/1989,xxx-xx-4046,DE
196,Sara,Curry,06/05/1984,xxx-xx-1678,ID
197,Scott,Warren,06/24/1985,xxx-xx-3723,OH
198,Dillon,Nguyen,05/26/1978,xxx-xx-4552,IL
199,Brian,Mclaughlin,09/21/1987,xxx-xx-2876,PA
2,Amy,Long,07/19/1982,xxx-xx-7292,FL
20,David,Foster,01/09/1990,xxx-xx-6956,MO
200,Dustin,Drake,09/17/1993,xxx-xx-5454,WV
201,Rebecca,James,12/04/1980,xxx-xx-1514,MA
202,Katherine,Wright,05/10/1987,xxx-xx-3109,AR
203,Catherine,Martinez,04/28/1990,xxx-xx-6917,NM
204,Amy,Wright,10/15/1991,xxx-xx-8641,CA
205,Cheryl,Dennis,06/16/1986,xxx-xx-0712,TX
206,Jose,Spears,03/01/1976,xxx-xx-2675,NH
207,Jay,Smith,03/06/1985,xxx-xx-6315,CT
208,Kimberly,Johnson,01/22/1992,xxx-xx-4304,PA
209,James,Young,04/12/1980,xxx-xx-8557,ME
21,Michelle,Brewer,06/10/1988,xxx-xx-6836,OK
210,Susan,Stewart,04/23/1989,xxx-xx-2712,GA
211,Caroline,Mayer,05/03/1973,xxx-xx-2487,WY
212,Robert,Ellison,07/16/1979,xxx-xx-9579,NE
214,Rodney,Cook,12/15/1994,xxx-xx-6232,RI
215,James,Reeves,01/31/1988,xxx-xx-1620,IN
216,Bruce,Miles,01/21/1982,xxx-xx-0969,IA
217,Amanda,Lewis,12/05/1988,xxx-xx-0504,MT
218,Pamela,Hodges,02/19/1989,xxx-xx-1423,UT
219,Matthew,Fuller,04/27/1980,xxx-xx-2989,MS
22,Isaac,Jordan,05/06/1986,xxx-xx-0520,TX
220,William,Smith,06/04/1990,xxx-xx-0654,AR
221,Lisa,Wilson,11/09/1993,xxx-xx-6950,AZ
222,Kelly,Phillips,11/05/1987,xxx-xx-1324,MI
223,Jonathan,Hall,07/01/1978,xxx-xx-6672,NE
224,Jay,Brown,04/24/1980,xxx-xx-8736,TX
225,Brian,Williams,01/12/1986,xxx-xx-5701,MT
226,Julie,Robbins,11/23/1976,xxx-xx-4571,IN
227,Michelle,Diaz,09/25/1993,xxx-xx-4889,ID
228,Michael,Hubbard,09/09/1978,xxx-xx-8972,CT
229,Joshua,Bailey,07/20/1986,xxx-xx-4031,WV
23,Denise,George,09/07/1990,xxx-xx-4879,WI
230,Jermaine,Hill,09/11/1988,xxx-xx-5479,NJ
231,Tracy,Martin,05/03/1975,xxx-xx-0726,AK
232,John,Mathews,02/24/1991,xxx-xx-9165,ND
233,John,Anderson,05/30/1973,xxx-xx-6681,NY
234,Darrell,Coleman,08/24/1992,xxx-xx-4198,WI
235,Cameron,Mcintosh,02/01/1975,xxx-xx-8921,NV
236,Samuel,May,03/30/1988,xxx-xx-0970,NJ
237,Gabriela,Nguyen,12/17/1981,xxx-xx-3729,WA
238,Brandon,Chang,05/14/1984,xxx-xx-6687,AL
239,Tonya,Martinez,09/04/1972,xxx-xx-7702,IA
24,Pamela,Robinson,02/21/1981,xxx-xx-4275,NM
240,Rachel,Cook,03/03/1982,xxx-xx-9042,NM
242,Caroline,Larson,05/05/1990,xxx-xx-7178,LA
243,Charles,Stout,12/05/1976,xxx-xx-1997,KS
244,David,Miles,11/26/1993,xxx-xx-2657,MI
245,Jennifer,Rodriguez,04/23/1974,xxx-xx-2538,NM
246,Tyler,Beck,10/20/1986,xxx-xx-1385,HI
247,Ryan,Snyder,07/14/1982,xxx-xx-9330,MA
248,Sherry,Love,03/24/1975,xxx-xx-8685,OR
249,Pamela,Lyons,09/27/1972,xxx-xx-3318,AR
25,Chelsea,Rivera,06/21/1987,xxx-xx-0140,NH
250,Kathleen,Klein,01/15/1990,xxx-xx-3388,NM
251,Daniel,Waller,04/23/1974,xxx-xx-0011,KY
252,Amy,Waller,10/01/1980,xxx-xx-8763,MA
253,Eric,Harper,11/12/1986,xxx-xx-2860,NV
254,Dale,Hartman,10/01/1993,xxx-xx-9502,ME
255,Elizabeth,Avila,03/15/1977,xxx-xx-8453,NH
256,Amanda,Douglas,01/08/1990,xxx-xx-6961,ID
257,Paul,Evans,06/25/1977,xxx-xx-4302,MN
258,Megan,Robinson,03/24/1973,xxx-xx-1601,WV
259,Mary,Mitchell,01/20/1982,xxx-xx-3602,TX
26,Ronald,Hays,12/21/1993,xxx-xx-6430,TX
260,Donna,Campbell,07/14/1993,xxx-xx-2369,NV
261,John,Mueller,03/22/1987,xxx-xx-7849,MD
262,Brian,Jackson,12/21/1985,xxx-xx-9597,PA
263,Keith,Robinson,04/15/1978,xxx-xx-3579,NC
264,Cody,Taylor,11/13/1978,xxx-xx-3700,SD
265,Paul,Wilson,06/19/1993,xxx-xx-9871,IA
266,Elizabeth,Lynn,02/25/1992,xxx-xx-8647,MA
267,Stacy,Cox,11/08/1976,xxx-xx-0990,AL
268,Thomas,Jensen,02/23/1991,xxx-xx-3430,OH
269,Jonathon,Olson,07/08/1985,xxx-xx-7767,SC
27,Michelle,Reeves,11/23/1972,xxx-xx-1066,PA
270,Katherine,Rose,01/19/1976,xxx-xx-0446,MN
271,Michael,Adams,12/10/1986,xxx-xx-3927,FL
272,Duane,Williams,10/14/1973,xxx-xx-8818,NV
273,Sarah,Hayes,11/20/1984,xxx-xx-8195,CT
274,Jeffrey,Harris,05/25/1994,xxx-xx-4763,KY
275,Mark,White,09/09/1992,xxx-xx-7830,ID
276,Sean,Gonzales,08/11/1981,xxx-xx-8838,MO
277,Ronald,Johnson,09/19/1973,xxx-xx-8871,DE
278,Brian,Peters,05/07/1982,xxx-xx-3701,HI
279,Ashley,Patrick,06/07/1974,xxx-xx-0763,WY
28,Kimberly,Massey,01/01/1981,xxx-xx-4649,MO
280,Brandon,Davis,07/22/1977,xxx-xx-1621,AZ
281,Julie,Price,01/20/1993,xxx-xx-3599,PA
282,Kathryn,Stout,08/24/1987,xxx-xx-9637,IA
283,Timothy,Suarez,01/12/1977,xxx-xx-3073,WI
284,Daniel,Hernandez,07/22/1976,xxx-xx-7473,CO
285,James,Mclaughlin,01/21/1981,xxx-xx-1088,NC
286,Stephanie,Smith,04/26/1978,xxx-xx-1286,NH
287,Joanna,Hopkins,04/17/1973,xxx-xx-2714,MA
288,Sandra,Griffin,11/13/1988,xxx-xx-6533,NV
289,Angela,Clark,04/20/1988,xxx-xx-3392,MN
29,Jeffrey,Clark,06/28/1978,xxx-xx-0316,MO
290,Theresa,Brown,02/20/1993,xxx-xx-3478,MN
291,Kyle,Hoffman,12/25/1984,xxx-xx-7692,MT
292,Jose,Gonzalez,06/01/1992,xxx-xx-9797,MD
293,Charles,Wheeler,02/11/1972,xxx-xx-5781,CA
294,Robert,Edwards,04/07/1980,xxx-xx-5215,GA
295,Shannon,Kramer,05/04/1980,xxx-xx-7615,SC
296,Alan,Holden,11/06/1994,xxx-xx-6916,PA
297,Melody,Nelson,01/23/1979,xxx-xx-1931,VA
298,Haley,Myers,03/20/1985,xxx-xx-0757,MD
299,Noah,White,04/30/1977,xxx-xx-0897,SC
3,Jennifer,Rowe,09/16/1980,xxx-xx-9014,NY
30,Emily,Diaz,12/04/1986,xxx-xx-9174,AK
300,Corey,Adams,10/08/1988,xxx-xx-2578,OR
301,Alexandra,Bradley,06/13/1980,xxx-xx-9390,AL
302,Tracey,Meadows,01/12/1988,xxx-xx-6175,RI
303,Ann,Lewis,01/14/1976,xxx-xx-0619,MT
304,Sheri,Villegas,02/13/1985,xxx-xx-8629,OR
305,Wendy,Hendrix,08/19/1983,xxx-xx-6634,WY
306,Kelly,Moran,07/14/1976,xxx-xx-0670,NV
307,Roger,Wright,03/04/1974,xxx-xx-3080,MO
308,Kevin,Beck,03/29/1981,xxx-xx-7304,TN
309,Cole,Farrell,01/29/1993,xxx-xx-7973,IN
31,Katie,Garcia,03/22/1983,xxx-xx-8462,AK
310,Pamela,Archer,10/25/1987,xxx-xx-2625,WV
311,Jessica,Elliott,06/04/1978,xxx-xx-1632,OH
312,Christopher,Dougherty,03/29/1978,xxx-xx-0986,AL
313,Adam,Thomas,12/30/1982,xxx-xx-1297,VA
314,Christopher,Anderson,07/01/1974,xxx-xx-1835,NC
315,Debra,Best,02/20/1973,xxx-xx-3320,ND
316,Harold,Li,05/11/1983,xxx-xx-2966,GA
317,Amanda,Krause,11/06/1977,xxx-xx-4744,IL
318,Teresa,Watkins,07/27/1972,xxx-xx-5707,NY
319,Virginia,Wise,02/18/1982,xxx-xx-8887,OR
32,James,Wilson,07/23/1977,xxx-xx-7343,OR
320,Robert,Smith,04/14/1994,xxx-xx-0748,MS
321,Paige,Spencer,09/02/1991,xxx-xx-8621,NY
322,Jessica,Sullivan,01/07/1990,xxx-xx-2665,WY
323,Jeremy,Obrien,01/13/1982,xxx-xx-7592,OR
324,Samantha,Ramirez,08/11/1981,xxx-xx-7086,MD
325,Renee,Evans,03/14/1991,xxx-xx-2708,MT
326,Amanda,Clark,07/23/1991,xxx-xx-5043,MN
327,Andrew,Lawson,04/05/1982,xxx-xx-7313,MT
328,Michael,Robinson,10/22/1973,xxx-xx-2355,IL
329,Denise,Baldwin,04/06/1992,xxx-xx-7350,AL
33,Nicholas,Martinez,04/05/1979,xxx-xx-1689,LA
330,Kaylee,Clark,05/29/1992,xxx-xx-0753,WI
331,Nicole,Perez,09/28/1982,xxx-xx-1455,MT
332,Carol,Dyer,03/12/1989,xxx-xx-5545,HI
333,Troy,Sanchez,11/15/1990,xxx-xx-2052,OK
334,Jeffery,Reed,07/19/1985,xxx-xx-6338,NJ
335,Dennis,Thomas,06/11/1989,xxx-xx-5032,IN
336,Kelly,Sullivan,04/12/1988,xxx-xx-7284,NV
337,Savannah,Saunders,05/12/1984,xxx-xx-2473,IA
338,Cynthia,Bennett,11/26/1973,xxx-xx-7899,MD
339,Caroline,Lopez,08/09/1981,xxx-xx-1325,OK
34,Ralph,Wells,10/19/1988,xxx-xx-4237,KS
340,Dawn,Malone,04/19/1979,xxx-xx-2070,TN
341,Maria,Mcmillan,09/07/1973,xxx-xx-3730,TX
342,Christopher,Young,12/02/1988,xxx-xx-1343,NE
343,Elizabeth,Olson,01/22/1976,xxx-xx-7163,MA
344,David,Jacobs,02/28/1982,xxx-xx-3682,FL
345,Stacy,Brooks,06/17/1991,xxx-xx-4661,SC
346,Austin,Gutierrez,06/25/1979,xxx-xx-0203,VT
347,Mark,Garrett,09/18/1985,xxx-xx-4408,WY
348,Darren,Farrell,05/24/1991,xxx-xx-5885,CA
349,Kenneth,Martin,08/24/1989,xxx-xx-4681,MI
35,Andrea,Perry,02/01/1986,xxx-xx-8897,CO
350,Dennis,Alvarado,11/27/1973,xxx-xx-4378,MT
351,Jacob,Thomas,03/31/1976,xxx-xx-8896,MS
352,Stephen,Bryant,05/15/1991,xxx-xx-6488,SD
353,Kelly,Castillo,04/13/1992,xxx-xx-7622,WA
354,Jennifer,Avery,08/08/1987,xxx-xx-5062,LA
355,Daniel,Wright,12/31/1989,xxx-xx-3803,FL
356,Andrew,Moore,01/03/1982,xxx-xx-5178,ID
357,Tracy,Holt,10/20/1988,xxx-xx-1413,AK
358,Jillian,David,04/11/1973,xxx-xx-4462,HI
359,Victoria,Moon,01/06/1976,xxx-xx-8604,AZ
36,Scott,Brooks,02/24/1972,xxx-xx-4958,NY
360,Mitchell,Meyer,08/31/1991,xxx-xx-7666,RI
361,Julia,Wright,09/04/1980,xxx-xx-6702,CO
362,Hannah,Nolan,09/15/1978,xxx-xx-1332,OK
363,Evan,Romero,08/25/1994,xxx-xx-3334,NM
364,David,Turner,02/13/1973,xxx-xx-7108,IL
365,Kristine,Little,07/10/1974,xxx-xx-1771,SD
366,Caroline,Wyatt,11/12/1979,xxx-xx-7063,NY
367,Tricia,Smith,01/24/1992,xxx-xx-7866,CA
368,Erica,Johnson,05/27/1978,xxx-xx-9413,LA
369,Michelle,Larson,03/20/1980,xxx-xx-3866,FL
37,Jonathan,Jones,01/13/1977,xxx-xx-7798,MN
370,Valerie,Lopez,04/10/1983,xxx-xx-0441,AL
371,Katherine,Bailey,03/04/1994,xxx-xx-3545,WV
372,Jessica,Walsh,06/01/1976,xxx-xx-2907,RI
373,Alicia,Carney,09/10/1989,xxx-xx-9437,OH
374,William,Peters,03/20/1986,xxx-xx-7516,KY
375,Vincent,Watson,12/15/1974,xxx-xx-8997,RI
376,Christine,Munoz,11/17/1974,xxx-xx-0149,MO
377,Laura,Mercado,04/05/1974,xxx-xx-9514,MI
378,Kyle,Aguirre,10/24/1973,xxx-xx-4469,NE
379,Adam,Harrell,10/18/1981,xxx-xx-0742,WV
38,Michael,Chapman,03/13/1977,xxx-xx-6874,OR
380,Michelle,Ali,05/05/1993,xxx-xx-3823,KS
381,Claudia,Oneal,04/01/1987,xxx-xx-9008,TX
382,Tonya,Chavez,04/17/1984,xxx-xx-5703,MT
383,Diana,Meyers,09/13/1972,xxx-xx-4296,TN
384,Jessica,Gaines,04/23/1981,xxx-xx-9332,CO
385,David,Lowery,10/21/1987,xxx-xx-7963,UT
386,Randy,Dorsey,05/09/1974,xxx-xx-0360,MO
387,Alexander,Gibson,10/27/1983,xxx-xx-1036,CO
388,Cameron,Allen,01/02/1986,xxx-xx-8341,ID
389,Daniel,Patrick,10/15/1972,xxx-xx-8777,GA
39,Annette,Flores,04/19/1977,xxx-xx-3196,NE
390,Kayla,Washington,10/08/1985,xxx-xx-6218,CT
391,George,Mckinney,02/04/1984,xxx-xx-7748,UT
392,David,Williams,07/07/1990,xxx-xx-6350,MA
393,Charles,Kelley,04/14/1993,xxx-xx-1133,OK
394,Mark,Brown,04/02/1975,xxx-xx-8531,CA
395,Christopher,Guerrero,01/29/1983,xxx-xx-4036,WY
396,Michelle,Phillips,09/17/1988,xxx-xx-2345,OK
397,Anthony,Christensen,05/13/1983,xxx-xx-8703,OH
398,Sarah,Hamilton,07/20/1976,xxx-xx-3104,ND
399,Charles,Greene,11/28/1992,xxx-xx-2935,KY
4,Donna,Owens,09/26/1987,xxx-xx-6696,AL
40,Tracy,Gonzalez,11/01/1983,xxx-xx-4059,WY
400,James,Rios,03/04/1978,xxx-xx-3987,ID
401,Amanda,Haney,04/11/1983,xxx-xx-9019,IA
402,Patricia,Sharp,07/13/1987,xxx-xx-0306,MD
403,Taylor,Boyle,09/26/1979,xxx-xx-9756,MD
404,Emily,Lawrence,11/24/1991,xxx-xx-1991,TN
405,Mary,Robbins,12/01/1975,xxx-xx-9514,FL
406,Sandra,Sanders,10/06/1980,xxx-xx-1673,RI
407,Jonathan,Gomez,06/05/1993,xxx-xx-4727,SD
408,Carla,Torres,02/23/1987,xxx-xx-7599,CT
409,Robert,Lin,11/12/1975,xxx-xx-0121,AZ
41,Michael,Dalton,03/08/1994,xxx-xx-2101,WI
410,Rachel,Lyons,08/29/1972,xxx-xx-0900,ME
411,Daniel,Brown,04/19/1984,xxx-xx-6526,NM
412,Thomas,Patterson,05/06/1977,xxx-xx-4561,VA
413,Christopher,Martinez,12/28/1978,xxx-xx-8774,CT
414,Laura,Parker,12/05/1973,xxx-xx-6879,CO
415,Suzanne,Wheeler,05/19/1985,xxx-xx-2982,WI
416,Barbara,Lambert,09/07/1979,xxx-xx-5353,ID
417,David,Evans,09/15/1977,xxx-xx-6773,WA
418,Katherine,Lane,11/01/1986,xxx-xx-6820,NH
419,Christina,Weeks,10/15/1972,xxx-xx-2028,PA
42,Cory,Hopkins,03/13/1977,xxx-xx-9491,AK
420,Pamela,Moore,02/20/1980,xxx-xx-9532,NJ
421,Rebecca,Marshall,05/06/1974,xxx-xx-1020,PA
422,Leon,Foster,09/19/1975,xxx-xx-3153,SC
423,Karen,Lyons,06/09/1990,xxx-xx-9081,OK
424,John,Wells,05/25/1993,xxx-xx-3026,NH
425,Albert,Davidson,01/20/1975,xxx-xx-9182,CA
426,Amy,Griffin,02/18/1973,xxx-xx-1946,MA
427,John,Garcia,04/14/1987,xxx-xx-3993,TX
428,Jessica,Thornton,01/03/1983,xxx-xx-2381,KS
429,Howard,Lawson,04/13/1984,xxx-xx-7664,MI
43,Maria,Estrada,04/30/1990,xxx-xx-8108,LA
430,Derrick,Fritz,12/05/1982,xxx-xx-0071,IA
431,Edwin,Martin,02/13/1988,xxx-xx-9168,MO
432,Ashley,Sherman,10/01/1984,xxx-xx-1501,NE
433,Hannah,Miller,10/18/1973,xxx-xx-4657,NY
434,Melissa,Torres,03/22/1981,xxx-xx-6921,NM
435,Karla,Rosales,07/10/1983,xxx-xx-1729,IL
436,Briana,Webster,02/08/1978,xxx-xx-3704,PA
437,Andrea,Montgomery,12/03/1991,xxx-xx-6315,OH
438,Danielle,Kaiser,08/21/1975,xxx-xx-9764,AL
439,Cheryl,Bailey,10/31/1991,xxx-xx-1224,NC
44,Sheri,Ball,08/04/1991,xxx-xx-7548,AZ
440,Tamara,White,05/20/1980,xxx-xx-6614,FL
441,Robin,Oconnor,02/27/1978,xxx-xx-0782,NH
442,Lauren,Bennett,06/05/1985,xxx-xx-4874,IA
443,Dennis,Osborn,11/15/1973,xxx-xx-3531,MA
444,Patrick,Barber,07/21/1991,xxx-xx-9891,NY
445,Andrea,Wright,06/15/1978,xxx-xx-8386,OH
446,Benjamin,King,05/07/1973,xxx-xx-8165,RI
447,Tiffany,Harris,01/12/1983,xxx-xx-9733,WV
448,Jennifer,Brown,08/23/1977,xxx-xx-0700,MA
45,Paul,Murphy,07/18/1975,xxx-xx-9454,NJ
450,Cynthia,Williams,12/23/1978,xxx-xx-5994,NY
451,Carrie,Barber,11/09/1977,xxx-xx-3083,LA
452,Bryan,Jackson,09/08/1982,xxx-xx-8117,MD
453,Ann,Johnson,06/01/1981,xxx-xx-9046,NE
454,Kristin,Grant,08/23/1980,xxx-xx-9693,WV
455,Scott,Miller,09/27/1991,xxx-xx-3580,WY
456,Gregory,Jackson,06/06/1973,xxx-xx-0058,WY
457,Andrea,Potter,12/26/1983,xxx-xx-6384,NH
458,Dustin,Nichols,06/07/1977,xxx-xx-9015,NE
459,Matthew,Gibbs,06/12/1984,xxx-xx-9698,ID
46,Kayla,Mitchell,10/13/1975,xxx-xx-9155,WI
460,Elizabeth,Bailey,07/15/1979,xxx-xx-7230,MI
461,Stephanie,Mendoza,03/22/1977,xxx-xx-8308,VT
462,David,Peterson,06/27/1973,xxx-xx-7312,LA
463,Jerome,Brown,07/10/1992,xxx-xx-9456,MD
464,Beth,Harris,12/22/1982,xxx-xx-5871,RI
465,Laura,Kim,07/26/1974,xxx-xx-3606,PA
466,Bonnie,Bowen,11/07/1993,xxx-xx-5889,ID
467,Kevin,Taylor,04/19/1979,xxx-xx-2293,NH
468,Paula,Hernandez,10/12/1975,xxx-xx-2951,CA
469,Daniel,Mccall,07/12/1987,xxx-xx-5314,NE
47,John,Mcmillan,03/02/1983,xxx-xx-7301,NV
470,Brooke,Bishop,12/18/1980,xxx-xx-4107,CA
471,Tammy,Salinas,12/29/1980,xxx-xx-3850,NC
472,Kelly,Hopkins,10/08/1984,xxx-xx-6875,HI
473,David,Le,08/31/1976,xxx-xx-5444,MI
474,Alexis,Cross,08/11/1983,xxx-xx-3694,MN
475,Steven,Ritter,02/11/1986,xxx-xx-8004,OH
476,Erica,Mcconnell,07/01/1981,xxx-xx-0878,MA
477,Gregory,Simpson,07/09/1990,xxx-xx-9365,CO
478,Michelle,Peterson,06/25/1984,xxx-xx-2154,MA
479,Joseph,Martinez,10/05/1973,xxx-xx-9409,NH
48,Heather,Robinson,11/20/1985,xxx-xx-1929,MN
480,Brandi,Sawyer,07/13/1979,xxx-xx-9334,RI
481,Dawn,Galvan,09/03/1989,xxx-xx-8058,TN
482,Susan,Kennedy,12/19/1988,xxx-xx-4558,ME
483,David,Cervantes,01/08/1983,xxx-xx-0082,WA
484,Julia,Morgan,03/18/1976,xxx-xx-1731,WI
485,Christine,Stone,11/07/1978,xxx-xx-6503,KS
486,Mike,Duncan,12/15/1988,xxx-xx-8115,MD
487,Sheri,Long,06/06/1978,xxx-xx-5166,OH
488,Kimberly,Velasquez,01/10/1989,xxx-xx-4229,GA
489,Amanda,Smith,08/05/1989,xxx-xx-3579,DE
49,Meghan,Wilson,05/18/1988,xxx-xx-4722,HI
490,Paul,Meyers,03/13/1989,xxx-xx-1680,HI
491,Leslie,Brown,06/15/1973,xxx-xx-1806,NJ
492,Wyatt,Rivers,02/07/1984,xxx-xx-5135,KY
493,Amanda,Jones,07/31/1993,xxx-xx-0691,MN
494,Heather,Scott,08/20/1982,xxx-xx-0361,NH
495,Bridget,Koch,02/23/1973,xxx-xx-9714,WY
496,Mark,Mcmillan,07/08/1976,xxx-xx-2503,MI
497,Heather,Farrell,01/11/1978,xxx-xx-0338,MA
498,Caroline,Jackson,12/29/1983,xxx-xx-4102,DE
499,Daniel,Lopez,09/07/1989,xxx-xx-2639,AR
5,Gregory,Moore,02/10/1982,xxx-xx-6226,MA
50,Richard,Turner,12/24/1982,xxx-xx-9924,TN
500,Jennifer,Fischer,11/19/1983,xxx-xx-5609,UT
501,Donald,Carter,07/16/1983,xxx-xx-5922,HI
502,Michael,Marshall,04/05/1990,xxx-xx-5125,MI
503,Frank,Barton,06/10/1993,xxx-xx-5568,MA
504,Troy,Booth,12/27/1990,xxx-xx-5141,TN
505,Ashley,Hutchinson,04/26/1994,xxx-xx-1510,SC
506,Jonathan,Malone,04/14/1984,xxx-xx-9942,MN
507,Isaac,Woods,03/20/1984,xxx-xx-6227,AK
508,Roy,Johnson,03/30/1984,xxx-xx-6344,AK
509,Andrew,Hogan,06/08/1990,xxx-xx-5943,ND
51,Nicholas,Brown,09/18/1988,xxx-xx-2869,SC
510,Tyler,Brewer,06/28/1972,xxx-xx-9006,HI
511,Lee,Weber,12/03/1988,xxx-xx-9830,CA
512,Danny,Pena,01/31/1978,xxx-xx-9878,MN
513,Kevin,Foster,10/18/1985,xxx-xx-5090,WI
514,Timothy,Morris,06/16/1981,xxx-xx-2962,WY
515,Anna,Bennett,06/20/1977,xxx-xx-6909,TN
516,Alyssa,Stokes,04/01/1973,xxx-xx-2432,OH
517,Justin,Morgan,03/17/1976,xxx-xx-5133,MI
518,Thomas,Cooper,08/17/1972,xxx-xx-9890,CO
519,Jane,Martinez,01/30/1991,xxx-xx-3977,AZ
52,Timothy,Chandler,03/26/1978,xxx-xx-3897,NM
520,Ryan,Russell,01/06/1975,xxx-xx-3828,HI
521,Jennifer,Johnson,02/17/1978,xxx-xx-3102,OK
522,Jason,Shaw,11/01/1985,xxx-xx-4765,KY
523,Chelsea,Foster,03/26/1974,xxx-xx-4094,AK
524,Cody,Duran,01/15/1973,xxx-xx-6706,NM
525,Crystal,Martin,08/29/1993,xxx-xx-0679,ME
526,Anthony,Rodriguez,02/09/1983,xxx-xx-3865,ID
527,Nicole,Conrad,06/02/1985,xxx-xx-6985,SD
528,Anna,Matthews,02/09/1991,xxx-xx-4474,TN
529,Linda,Krause,12/22/1978,xxx-xx-4382,SD
53,Shawn,Murray,10/30/1990,xxx-xx-5217,MS
530,Michael,Fowler,08/28/1990,xxx-xx-3995,TN
531,Jennifer,Williams,02/27/1977,xxx-xx-9054,OK
532,Jennifer,Smith,01/31/1989,xxx-xx-1748,GA
533,Nathan,Moore,11/19/1978,xxx-xx-7469,ME
534,Matthew,Martin,07/12/1993,xxx-xx-7803,ID
535,Danielle,House,04/16/1975,xxx-xx-9308,ME
536,Megan,Gray,10/12/1972,xxx-xx-4006,NY
537,Anthony,Richmond,10/05/1989,xxx-xx-8935,AR
538,Joseph,Martin,04/13/1992,xxx-xx-5396,AR
539,Craig,Nunez,06/13/1972,xxx-xx-6566,DE
54,Kristy,Diaz,03/26/1988,xxx-xx-1032,IA
540,Robert,Campbell,01/17/1987,xxx-xx-3694,DE
541,Brent,Miller,01/14/1978,xxx-xx-9692,HI
542,Brian,Bridges,02/22/1976,xxx-xx-4546,MN
543,James,Torres,01/19/1986,xxx-xx-5026,DE
544,Kristina,Summers,02/17/1989,xxx-xx-3058,OR
545,Mark,Saunders,08/23/1973,xxx-xx-2640,VT
546,Michelle,Jenkins,11/29/1977,xxx-xx-8254,NE
547,Joshua,Rush,08/05/1986,xxx-xx-2710,GA
548,Debra,Green,07/20/1988,xxx-xx-5376,SC
549,Joshua,Hicks,01/07/1985,xxx-xx-4786,KS
55,Morgan,Parker,01/30/1986,xxx-xx-4320,TN
550,Samantha,Thompson,06/04/1976,xxx-xx-9230,NY
551,Alexandria,Baker,11/02/1974,xxx-xx-3200,NV
552,Alexander,Vaughan,08/22/1988,xxx-xx-8562,MI
553,Mark,Chen,04/02/1989,xxx-xx-3553,WY
554,Ronald,Huerta,12/13/1973,xxx-xx-6058,OK
555,Kyle,Ramirez,05/30/1984,xxx-xx-2839,WA
556,Robin,Carroll,10/14/1972,xxx-xx-7194,CA
557,Kristine,Roberson,03/18/1981,xxx-xx-0956,MN
558,Brian,Davila,07/05/1982,xxx-xx-3711,DE
559,Sherry,Henderson,02/15/1991,xxx-xx-3768,FL
56,Theresa,Barnes,09/28/1976,xxx-xx-2054,CT
560,Carrie,Davis,06/20/1984,xxx-xx-6558,WA
561,Michelle,Carr,06/22/1978,xxx-xx-2759,CT
562,Allison,Garcia,02/08/1983,xxx-xx-0105,LA
563,Barbara,Murphy,10/30/1989,xxx-xx-9225,AR
564,Nancy,Mitchell,02/02/1988,xxx-xx-9365,GA
565,Matthew,Miller,04/07/1979,xxx-xx-3517,CO
566,David,Arroyo,04/16/1975,xxx-xx-9403,FL
567,Michele,Hendricks,03/10/1990,xxx-xx-7341,MS
568,Amber,West,01/19/1978,xxx-xx-7363,ND
569,James,King,04/21/1978,xxx-xx-1432,AK
57,Kimberly,Harris,10/01/1988,xxx-xx-5459,IA
570,Shawn,Edwards,01/19/1978,xxx-xx-4865,LA
571,Jeffrey,Jones,06/27/1981,xxx-xx-1822,SD
572,Aaron,James,03/25/1974,xxx-xx-4596,OR
573,Samantha,Farley,07/10/1977,xxx-xx-2351,WA
574,Jennifer,Kim,10/03/1976,xxx-xx-9504,MN
575,Drew,Kelly,03/25/1993,xxx-xx-3264,WA
576,Travis,Little,05/14/1992,xxx-xx-6995,WY
577,Gregory,Roberts,01/27/1986,xxx-xx-4496,IN
578,Michael,Estrada,10/12/1994,xxx-xx-2448,OH
579,Garrett,Carter,09/26/1988,xxx-xx-7246,CA
58,Michelle,Smith,07/08/1982,xxx-xx-6834,NV
580,Stephanie,Goodwin,02/25/1986,xxx-xx-5702,NC
581,Laura,Glenn,10/20/1992,xxx-xx-1468,TX
582,Sara,Smith,01/02/1983,xxx-xx-9188,TN
583,Scott,Ellison,03/31/1977,xxx-xx-8653,NH
584,Joseph,Mitchell,05/18/1980,xxx-xx-7441,VA
585,Bonnie,Turner,04/01/1973,xxx-xx-0208,MD
586,Adrian,Hernandez,09/08/1993,xxx-xx-5101,NE
587,Daniel,Williams,11/17/1989,xxx-xx-9146,NH
588,Kenneth,Sanchez,10/30/1980,xxx-xx-8921,CA
589,David,Patton,11/19/1978,xxx-xx-9705,PA
59,Sara,Walker,08/16/1985,xxx-xx-5423,NE
590,Brenda,James,12/31/1977,xxx-xx-3251,HI
591,Travis,Hansen,07/28/1981,xxx-xx-6746,DE
592,Mary,Chavez,04/27/1990,xxx-xx-2834,PA
593,Rachel,Valdez,05/21/1985,xxx-xx-0852,UT
594,Steven,Nelson,04/14/1989,xxx-xx-2085,VT
595,Michelle,Dickerson,02/08/1984,xxx-xx-2817,TN
596,Megan,Chavez,10/08/1991,xxx-xx-7659,CT
597,Blake,Jimenez,09/10/1977,xxx-xx-3810,KS
598,Brandi,Williams,10/15/1989,xxx-xx-8500,MD
599,Edward,Padilla,10/09/1993,xxx-xx-5222,PA
6,Daniel,Welch,08/08/1982,xxx-xx-6950,IL
60,Allen,Leon,04/06/1975,xxx-xx-9089,MI
600,Rick,Johns,07/30/1984,xxx-xx-7121,NV
601,Brian,Lopez,02/13/1990,xxx-xx-7558,DE
602,Sandra,Suarez,09/20/1980,xxx-xx-9548,GA
603,Mark,Murillo,09/22/1976,xxx-xx-9915,MI
604,Ashley,Harris,08/09/1993,xxx-xx-7070,IL
605,Rodney,Smith,05/08/1975,xxx-xx-3105,NH
606,Jasmine,Kelly,06/30/1979,xxx-xx-3251,MN
607,David,Johnson,06/23/1985,xxx-xx-9729,DE
608,Jimmy,Jones,02/19/1973,xxx-xx-2030,MA
609,Patricia,Fletcher,06/30/1979,xxx-xx-2311,RI
61,Rhonda,Young,06/03/1979,xxx-xx-2336,NE
610,Jermaine,Quinn,12/24/1989,xxx-xx-1754,CA
611,Emily,Mcgrath,11/10/1973,xxx-xx-7640,CO
612,Lee,Zamora,03/17/1979,xxx-xx-3321,UT
613,Alexandra,Thomas,01/12/1994,xxx-xx-6760,SD
614,Colleen,Beasley,08/12/1977,xxx-xx-3286,MA
615,Joshua,Weaver,11/20/1982,xxx-xx-7030,IA
616,Anne,Rios,11/26/1974,xxx-xx-6513,HI
617,Andrew,Love,05/27/1991,xxx-xx-9696,OH
618,Patrick,Wells,08/03/1979,xxx-xx-3209,MS
619,Nancy,Nguyen,07/05/1976,xxx-xx-3939,VA
62,Adriana,Wolf,10/17/1994,xxx-xx-1702,OR
620,Gina,Hoffman,03/20/1990,xxx-xx-4213,UT
621,Maurice,Gillespie,09/07/1984,xxx-xx-8509,GA
622,Jennifer,Porter,01/20/1991,xxx-xx-5572,WI
623,Mason,Rhodes,01/28/1977,xxx-xx-4767,MD
624,Ariel,Ray,09/11/1972,xxx-xx-2732,OR
625,Lawrence,Roach,04/03/1991,xxx-xx-2080,KY
626,Janice,Young,07/07/1988,xxx-xx-4863,WA
627,Latoya,Mitchell,03/15/1991,xxx-xx-3607,ME
628,Michael,Garcia,11/05/1980,xxx-xx-4294,IL
629,Elizabeth,Howard,11/05/1984,xxx-xx-2641,AZ
63,Jacqueline,Garcia,01/31/1991,xxx-xx-8953,NC
630,Susan,Thompson,05/17/1985,xxx-xx-6074,TN
631,Amanda,Pearson,08/15/1979,xxx-xx-9832,TN
632,Kirsten,Mcbride,09/10/1973,xxx-xx-2372,IA
633,Aaron,Wolf,04/09/1978,xxx-xx-1149,WY
634,Sean,Calhoun,07/31/1978,xxx-xx-2261,SD
635,Deanna,Russell,07/29/1972,xxx-xx-9236,MD
636,Sarah,Brooks,06/27/1991,xxx-xx-6948,AR
637,Brett,Ward,09/27/1979,xxx-xx-0204,MN
638,John,Anderson,01/07/1983,xxx-xx-7935,UT
639,Charlene,Jackson,10/28/1989,xxx-xx-8809,WY
64,Gregory,Estes,10/04/1989,xxx-xx-9235,KS
640,Brett,Nelson,06/20/1986,xxx-xx-3049,MD
641,Kimberly,Knapp,11/23/1992,xxx-xx-1122,CO
642,Tamara,Whitney,09/21/1975,xxx-xx-9208,MO
643,Allen,Flynn,07/25/1994,xxx-xx-7573,NH
644,William,Watts,10/12/1989,xxx-xx-6883,MN
645,Karen,Malone,09/03/1985,xxx-xx-5442,CO
646,David,Weaver,08/11/1976,xxx-xx-2750,ME
647,Ronald,Gilbert,05/26/1974,xxx-xx-4448,WY
648,Christopher,Smith,11/23/1976,xxx-xx-2521,WI
649,Victor,Lopez,10/26/1987,xxx-xx-3964,NV
65,Lisa,Schmitt,04/23/1976,xxx-xx-5980,TN
650,Logan,Smith,03/26/1990,xxx-xx-0194,MN
651,Alexander,Wright,04/18/1979,xxx-xx-7263,MN
652,Anthony,Delgado,09/19/1994,xxx-xx-7837,FL
653,Mary,Hunter,11/01/1977,xxx-xx-6623,TX
654,Nicole,English,04/30/1977,xxx-xx-9164,HI
66,Tina,Williams,11/04/1987,xxx-xx-7775,OR
67,Hailey,Boyd,11/17/1980,xxx-xx-0270,NY
68,Victoria,Potter,03/25/1988,xxx-xx-4290,UT
69,Michael,Reynolds,10/30/1994,xxx-xx-8507,CA
7,Roberto,Schmidt,02/07/1994,xxx-xx-1763,AL
70,Donna,Howard,03/31/1990,xxx-xx-7432,MS
71,Craig,Garcia,08/18/1994,xxx-xx-3695,PA
72,Daniel,Boyd,07/18/1978,xxx-xx-1220,NY
73,Miranda,Nguyen,08/12/1981,xxx-xx-2585,ME
74,Robert,Freeman,01/01/1984,xxx-xx-5211,AR
75,Jeff,Hawkins,08/10/1992,xxx-xx-5606,IL
76,Steve,Daniels,09/14/1980,xxx-xx-3537,CO
77,Alex,Owen,10/07/1987,xxx-xx-9252,AL
78,Stacy,Robertson,09/24/1974,xxx-xx-0248,WY
79,Michael,Brown,01/13/1986,xxx-xx-9682,OH
8,Wayne,Mercer,09/21/1989,xxx-xx-7254,MA
80,Christine,Williams,08/15/1974,xxx-xx-1974,MN
81,Brendan,Gonzalez,08/02/1991,xxx-xx-9993,SC
82,Kevin,Garcia,11/25/1977,xxx-xx-4722,NV
83,John,Myers,07/25/1989,xxx-xx-1869,NJ
84,Robert,Campbell,02/27/1973,xxx-xx-9581,SD
85,Kristen,Lopez,01/02/1978,xxx-xx-8194,VA
86,Christopher,Greene,05/29/1972,xxx-xx-8446,ID
87,John,Paul,11/20/1973,xxx-xx-7180,KY
88,Amanda,Wilson,05/23/1972,xxx-xx-0767,NE
89,Andrea,Webb,12/11/1985,xxx-xx-7815,VA
9,Sarah,Harper,07/27/1993,xxx-xx-5891,AK
90,William,Small,08/05/1990,xxx-xx-0642,CO
91,Darlene,Harmon,05/05/1980,xxx-xx-3052,WV
92,Derek,Obrien,06/29/1990,xxx-xx-6123,NH
93,Timothy,Mendoza,06/09/1980,xxx-xx-2367,NM
94,Margaret,Barton,10/10/1975,xxx-xx-0973,ID
95,Jeffery,Burnett,07/28/1984,xxx-xx-4493,KS
96,Allison,Diaz,03/25/1994,xxx-xx-8927,AR
97,Paula,Edwards,08/10/1988,xxx-xx-0638,KS
98,Desiree,Ross,07/07/1981,xxx-xx-2608,MS
99,Michael,Holden,07/23/1975,xxx-xx-7951,IN
